what,kind,bundleId,bundleVersion,description,time
activated,workbench,org.eclipse.ui.workbench,3.7.1.v20120104-1859,"",1780550104954
deactivated,workbench,org.eclipse.ui.workbench,3.7.1.v20120104-1859,"",1780550108460
activated,workbench,org.eclipse.ui.workbench,3.7.1.v20120104-1859,"",1780550109510
executed,command,,,"com.altera.sbtgui.launch.hardware.Nios2HardwareLaunchShortcut.run",1780550109810
activated,view,com.altera.sbtgui.launch,13.13.0.132,"com.altera.sbtgui.launch.hardware.ByteStreamConsoleView",1780550111138
activated,view,org.eclipse.ui.console,3.5.100.v20111007_r372,"org.eclipse.ui.console.ConsoleView",1780550111351
error,log,,,"Failed Executing: [nios2-download, '--cable=USB-Blaster on localhost [USB-0]', --device=1, --instance=0, --stop, --accept-bad-sysid, --sidp=Not Found] return code: 8",1780550113113
activated,view,com.altera.sbtgui.launch,13.13.0.132,"com.altera.sbtgui.launch.hardware.ByteStreamConsoleView",1780550115334
activated,editor,org.eclipse.cdt.ui,5.3.2.201202111925,"org.eclipse.cdt.ui.editor.CEditor",1780550120733
executed,command,org.eclipse.ui,3.7.0.v20110928-1505,"org.eclipse.ui.edit.undo",1780550121437
executed,command,org.eclipse.ui,3.7.0.v20110928-1505,"org.eclipse.ui.edit.undo",1780550123038
executed,command,org.eclipse.ui,3.7.0.v20110928-1505,"org.eclipse.ui.edit.redo",1780550124342
executed,command,org.eclipse.ui,3.7.0.v20110928-1505,"org.eclipse.ui.file.save",1780550125475
activated,view,org.eclipse.ui.navigator.resources,3.4.300.v20110928-1505,"org.eclipse.ui.navigator.ProjectExplorer",1780550126237
deactivated,workbench,org.eclipse.ui.workbench,3.7.1.v20120104-1859,"",1780550128358
activated,workbench,org.eclipse.ui.workbench,3.7.1.v20120104-1859,"",1780550130075
executed,command,,,"com.altera.sbtgui.launch.hardware.Nios2HardwareLaunchShortcut.run",1780550130380
activated,view,com.altera.sbtgui.launch,13.13.0.132,"com.altera.sbtgui.launch.hardware.ByteStreamConsoleView",1780550131646
activated,view,org.eclipse.ui.console,3.5.100.v20111007_r372,"org.eclipse.ui.console.ConsoleView",1780550131862
error,log,,,"Failed Executing: [nios2-download, '--cable=USB-Blaster on localhost [USB-0]', --device=1, --instance=0, --stop, --accept-bad-sysid, --sidp=Not Found] return code: 8",1780550133652
activated,view,com.altera.sbtgui.launch,13.13.0.132,"com.altera.sbtgui.launch.hardware.ByteStreamConsoleView",1780550135890
activated,view,org.eclipse.ui.navigator.resources,3.4.300.v20110928-1505,"org.eclipse.ui.navigator.ProjectExplorer",1780550143925
deactivated,workbench,org.eclipse.ui.workbench,3.7.1.v20120104-1859,"",1780550146135
activated,workbench,org.eclipse.ui.workbench,3.7.1.v20120104-1859,"",1780550148206
deactivated,workbench,org.eclipse.ui.workbench,3.7.1.v20120104-1859,"",1780550150770
activated,workbench,org.eclipse.ui.workbench,3.7.1.v20120104-1859,"",1780550152577
deactivated,workbench,org.eclipse.ui.workbench,3.7.1.v20120104-1859,"",1780550152639
activated,workbench,org.eclipse.ui.workbench,3.7.1.v20120104-1859,"",1780550155999
deactivated,workbench,org.eclipse.ui.workbench,3.7.1.v20120104-1859,"",1780550167501
activated,workbench,org.eclipse.ui.workbench,3.7.1.v20120104-1859,"",1780550168556
executed,command,,,"com.altera.sbtgui.launch.hardware.Nios2HardwareLaunchShortcut.run",1780550168851
activated,view,com.altera.sbtgui.launch,13.13.0.132,"com.altera.sbtgui.launch.hardware.ByteStreamConsoleView",1780550170103
activated,view,org.eclipse.ui.console,3.5.100.v20111007_r372,"org.eclipse.ui.console.ConsoleView",1780550170304
error,log,,,"Failed Executing: [nios2-download, '--cable=USB-Blaster on localhost [USB-0]', --device=1, --instance=0, --stop, --accept-bad-sysid, --sidp=Not Found] return code: 8",1780550172023
activated,view,com.altera.sbtgui.launch,13.13.0.132,"com.altera.sbtgui.launch.hardware.ByteStreamConsoleView",1780550174297
deactivated,workbench,org.eclipse.ui.workbench,3.7.1.v20120104-1859,"",1780550186918
activated,workbench,org.eclipse.ui.workbench,3.7.1.v20120104-1859,"",1780550198044
activated,workbench,org.eclipse.ui.workbench,3.7.1.v20120104-1859,"",1780550201934
activated,editor,org.eclipse.cdt.ui,5.3.2.201202111925,"org.eclipse.cdt.ui.editor.CEditor",1780550202939
deactivated,workbench,org.eclipse.ui.workbench,3.7.1.v20120104-1859,"",1780550207603
activated,workbench,org.eclipse.ui.workbench,3.7.1.v20120104-1859,"",1780550216915
deactivated,workbench,org.eclipse.ui.workbench,3.7.1.v20120104-1859,"",1780550218221
activated,workbench,org.eclipse.ui.workbench,3.7.1.v20120104-1859,"",1780550225227
activated,view,org.eclipse.ui.navigator.resources,3.4.300.v20110928-1505,"org.eclipse.ui.navigator.ProjectExplorer",1780550226648
deactivated,workbench,org.eclipse.ui.workbench,3.7.1.v20120104-1859,"",1780550229731
activated,workbench,org.eclipse.ui.workbench,3.7.1.v20120104-1859,"",1780550230950
executed,command,,,"com.altera.sbtgui.launch.hardware.Nios2HardwareLaunchShortcut.run",1780550231240
activated,view,com.altera.sbtgui.launch,13.13.0.132,"com.altera.sbtgui.launch.hardware.ByteStreamConsoleView",1780550232573
activated,view,org.eclipse.ui.console,3.5.100.v20111007_r372,"org.eclipse.ui.console.ConsoleView",1780550232785
error,log,,,"Failed Executing: [nios2-download, '--cable=USB-Blaster on localhost [USB-0]', --device=1, --instance=0, --stop, --accept-bad-sysid, --sidp=Not Found] return code: 8",1780550234519
activated,view,com.altera.sbtgui.launch,13.13.0.132,"com.altera.sbtgui.launch.hardware.ByteStreamConsoleView",1780550236743
activated,editor,org.eclipse.cdt.ui,5.3.2.201202111925,"org.eclipse.cdt.ui.editor.CEditor",1780550247439
executed,command,org.eclipse.ui,3.7.0.v20110928-1505,"org.eclipse.ui.file.save",1780550259597
deactivated,workbench,org.eclipse.ui.workbench,3.7.1.v20120104-1859,"",1780550263031
activated,workbench,org.eclipse.ui.workbench,3.7.1.v20120104-1859,"",1780550263782
deactivated,workbench,org.eclipse.ui.workbench,3.7.1.v20120104-1859,"",1780550264161
activated,workbench,org.eclipse.ui.workbench,3.7.1.v20120104-1859,"",1780550298584
deactivated,workbench,org.eclipse.ui.workbench,3.7.1.v20120104-1859,"",1780550313594
activated,workbench,org.eclipse.ui.workbench,3.7.1.v20120104-1859,"",1780550316860
executed,command,org.eclipse.ui,3.7.0.v20110928-1505,"org.eclipse.ui.edit.selectAll",1780550328051
executed,command,org.eclipse.ui,3.7.0.v20110928-1505,"org.eclipse.ui.edit.copy",1780550328376
executed,command,org.eclipse.ui,3.7.0.v20110928-1505,"org.eclipse.ui.edit.copy",1780550328543
deactivated,workbench,org.eclipse.ui.workbench,3.7.1.v20120104-1859,"",1780550329044
activated,workbench,org.eclipse.ui.workbench,3.7.1.v20120104-1859,"",1780550374281
deactivated,workbench,org.eclipse.ui.workbench,3.7.1.v20120104-1859,"",1780550376716
activated,workbench,org.eclipse.ui.workbench,3.7.1.v20120104-1859,"",1780550378940
deactivated,workbench,org.eclipse.ui.workbench,3.7.1.v20120104-1859,"",1780550379667
activated,workbench,org.eclipse.ui.workbench,3.7.1.v20120104-1859,"",1780550387626
activated,view,org.eclipse.ui.navigator.resources,3.4.300.v20110928-1505,"org.eclipse.ui.navigator.ProjectExplorer",1780550391270
deactivated,workbench,org.eclipse.ui.workbench,3.7.1.v20120104-1859,"",1780550395962
activated,workbench,org.eclipse.ui.workbench,3.7.1.v20120104-1859,"",1780550397392
deactivated,workbench,org.eclipse.ui.workbench,3.7.1.v20120104-1859,"",1780550404093
activated,workbench,org.eclipse.ui.workbench,3.7.1.v20120104-1859,"",1780550405140
executed,command,,,"com.altera.sbtgui.launch.hardware.Nios2HardwareLaunchShortcut.run",1780550405480
activated,view,com.altera.sbtgui.launch,13.13.0.132,"com.altera.sbtgui.launch.hardware.ByteStreamConsoleView",1780550406782
activated,view,org.eclipse.ui.console,3.5.100.v20111007_r372,"org.eclipse.ui.console.ConsoleView",1780550406980
error,log,,,"Failed Executing: [nios2-download, '--cable=USB-Blaster on localhost [USB-0]', --device=1, --instance=0, --stop, --accept-bad-sysid, --sidp=Not Found] return code: 8",1780550408745
activated,view,com.altera.sbtgui.launch,13.13.0.132,"com.altera.sbtgui.launch.hardware.ByteStreamConsoleView",1780550410979
deactivated,workbench,org.eclipse.ui.workbench,3.7.1.v20120104-1859,"",1780550423598
activated,workbench,org.eclipse.ui.workbench,3.7.1.v20120104-1859,"",1780550424654
deactivated,workbench,org.eclipse.ui.workbench,3.7.1.v20120104-1859,"",1780550425159
activated,workbench,org.eclipse.ui.workbench,3.7.1.v20120104-1859,"",1780550427783
activated,editor,org.eclipse.cdt.ui,5.3.2.201202111925,"org.eclipse.cdt.ui.editor.CEditor",1780550428098
executed,command,org.eclipse.ui,3.7.0.v20110928-1505,"org.eclipse.ui.edit.selectAll",1780550428389
executed,command,org.eclipse.ui,3.7.0.v20110928-1505,"org.eclipse.ui.edit.paste",1780550428783
executed,command,org.eclipse.ui,3.7.0.v20110928-1505,"org.eclipse.ui.file.save",1780550431756
activated,view,org.eclipse.ui.navigator.resources,3.4.300.v20110928-1505,"org.eclipse.ui.navigator.ProjectExplorer",1780550432626
deactivated,workbench,org.eclipse.ui.workbench,3.7.1.v20120104-1859,"",1780550434360
activated,workbench,org.eclipse.ui.workbench,3.7.1.v20120104-1859,"",1780550435855
deactivated,workbench,org.eclipse.ui.workbench,3.7.1.v20120104-1859,"",1780550440586
activated,workbench,org.eclipse.ui.workbench,3.7.1.v20120104-1859,"",1780550441646
executed,command,,,"com.altera.sbtgui.launch.hardware.Nios2HardwareLaunchShortcut.run",1780550441962
activated,view,com.altera.sbtgui.launch,13.13.0.132,"com.altera.sbtgui.launch.hardware.ByteStreamConsoleView",1780550443284
activated,view,org.eclipse.ui.console,3.5.100.v20111007_r372,"org.eclipse.ui.console.ConsoleView",1780550457427
activated,view,com.altera.sbtgui.launch,13.13.0.132,"com.altera.sbtgui.launch.hardware.ByteStreamConsoleView",1780550459659
activated,view,org.eclipse.ui.navigator.resources,3.4.300.v20110928-1505,"org.eclipse.ui.navigator.ProjectExplorer",1780550461451
activated,view,com.altera.sbtgui.launch,13.13.0.132,"com.altera.sbtgui.launch.hardware.ByteStreamConsoleView",1780550463188
activated,editor,org.eclipse.cdt.ui,5.3.2.201202111925,"org.eclipse.cdt.ui.editor.CEditor",1780550484626
activated,view,org.eclipse.ui.navigator.resources,3.4.300.v20110928-1505,"org.eclipse.ui.navigator.ProjectExplorer",1780550503781
deactivated,workbench,org.eclipse.ui.workbench,3.7.1.v20120104-1859,"",1780550508124
activated,workbench,org.eclipse.ui.workbench,3.7.1.v20120104-1859,"",1780550510249
opened,view,org.eclipse.ui.ide,3.7.0.v20110928-1505,"org.eclipse.ui.views.ProgressView",1780550512213
activated,view,org.eclipse.ui.ide,3.7.0.v20110928-1505,"org.eclipse.ui.views.ProgressView",1780550512245
activated,editor,org.eclipse.cdt.ui,5.3.2.201202111925,"org.eclipse.cdt.ui.editor.CEditor",1780550518293
activated,view,org.eclipse.ui.navigator.resources,3.4.300.v20110928-1505,"org.eclipse.ui.navigator.ProjectExplorer",1780550519933
deactivated,workbench,org.eclipse.ui.workbench,3.7.1.v20120104-1859,"",1780550523103
activated,workbench,org.eclipse.ui.workbench,3.7.1.v20120104-1859,"",1780550525034
deactivated,workbench,org.eclipse.ui.workbench,3.7.1.v20120104-1859,"",1780550525057
activated,workbench,org.eclipse.ui.workbench,3.7.1.v20120104-1859,"",1780550528307
activated,view,org.eclipse.ui.ide,3.7.0.v20110928-1505,"org.eclipse.ui.views.ProgressView",1780550537481
deactivated,workbench,org.eclipse.ui.workbench,3.7.1.v20120104-1859,"",1780550543813
activated,workbench,org.eclipse.ui.workbench,3.7.1.v20120104-1859,"",1780550544755
started,bundle,org.eclipse.cdt.mylyn.ui,3.6.0.v20110608-1400,"org.eclipse.cdt.mylyn.ui",1780550544828
closed,workbench,org.eclipse.ui.workbench,3.7.1.v20120104-1859,"",1780550544943
activated,perspective,com.altera.sbtgui.ui,,"com.altera.sbtgui.ui.cPerspective",1780550561456
started,bundle,org.eclipse.osgi,3.7.2.v20120110-1415,"org.eclipse.osgi",1780550561457
started,bundle,org.eclipse.equinox.simpleconfigurator,1.0.200.v20110815-1438,"org.eclipse.equinox.simpleconfigurator",1780550561457
started,bundle,com.ibm.icu,4.4.2.v20110823,"com.ibm.icu",1780550561457
started,bundle,org.eclipse.cdt.codan.checkers,1.0.1.201202111925,"org.eclipse.cdt.codan.checkers",1780550561458
started,bundle,org.eclipse.cdt.codan.core,2.0.0.201202111925,"org.eclipse.cdt.codan.core",1780550561458
started,bundle,org.eclipse.cdt.codan.core.cxx,1.0.0.201202111925,"org.eclipse.cdt.codan.core.cxx",1780550561458
started,bundle,org.eclipse.cdt.codan.ui,2.0.1.201202111925,"org.eclipse.cdt.codan.ui",1780550561458
started,bundle,org.eclipse.cdt.codan.ui.cxx,2.0.0.201202111925,"org.eclipse.cdt.codan.ui.cxx",1780550561458
started,bundle,org.eclipse.cdt.core,5.3.2.201202111925,"org.eclipse.cdt.core",1780550561458
started,bundle,org.eclipse.cdt.make.core,7.1.2.201202111925,"org.eclipse.cdt.make.core",1780550561459
started,bundle,org.eclipse.cdt.make.ui,7.1.2.201202111925,"org.eclipse.cdt.make.ui",1780550561459
started,bundle,org.eclipse.cdt.managedbuilder.core,8.0.2.201202111925,"org.eclipse.cdt.managedbuilder.core",1780550561459
started,bundle,org.eclipse.cdt.managedbuilder.gnu.ui,8.0.2.201202111925,"org.eclipse.cdt.managedbuilder.gnu.ui",1780550561459
started,bundle,org.eclipse.cdt.msw.build,1.0.0.201202111925,"org.eclipse.cdt.msw.build",1780550561460
started,bundle,org.eclipse.cdt.ui,5.3.2.201202111925,"org.eclipse.cdt.ui",1780550561460
started,bundle,org.eclipse.compare.core,3.5.200.I20110208-0800,"org.eclipse.compare.core",1780550561460
started,bundle,org.eclipse.core.contenttype,3.4.100.v20110423-0524,"org.eclipse.core.contenttype",1780550561460
started,bundle,org.eclipse.core.databinding.observable,1.4.0.I20110222-0800,"org.eclipse.core.databinding.observable",1780550561460
started,bundle,org.eclipse.core.expressions,3.4.300.v20110228,"org.eclipse.core.expressions",1780550561461
started,bundle,org.eclipse.core.filebuffers,3.5.200.v20110928-1504,"org.eclipse.core.filebuffers",1780550561461
started,bundle,org.eclipse.core.filesystem,1.3.100.v20110423-0524,"org.eclipse.core.filesystem",1780550561461
started,bundle,org.eclipse.core.jobs,3.5.101.v20120113-1953,"org.eclipse.core.jobs",1780550561461
started,bundle,org.eclipse.core.net,1.2.100.I20110511-0800,"org.eclipse.core.net",1780550561462
started,bundle,org.eclipse.core.resources,3.7.101.v20120125-1505,"org.eclipse.core.resources",1780550561462
started,bundle,org.eclipse.core.runtime,3.7.0.v20110110,"org.eclipse.core.runtime",1780550561462
started,bundle,org.eclipse.core.runtime.compatibility,3.2.100.v20100505,"org.eclipse.core.runtime.compatibility",1780550561462
started,bundle,org.eclipse.core.runtime.compatibility.auth,3.2.200.v20110110,"org.eclipse.core.runtime.compatibility.auth",1780550561462
started,bundle,org.eclipse.core.variables,3.2.500.v20110928-1503,"org.eclipse.core.variables",1780550561463
started,bundle,org.eclipse.debug.core,3.7.1.v20111129-2031,"org.eclipse.debug.core",1780550561463
started,bundle,org.eclipse.egit.core,1.3.0.201202151440-r,"org.eclipse.egit.core",1780550561463
started,bundle,org.eclipse.egit.ui,1.3.0.201202151440-r,"org.eclipse.egit.ui",1780550561463
started,bundle,org.eclipse.epp.mpc.ui,1.1.1.I20110907-0947,"org.eclipse.epp.mpc.ui",1780550561464
started,bundle,org.eclipse.epp.usagedata.gathering,1.3.1.R201106061540,"org.eclipse.epp.usagedata.gathering",1780550561464
started,bundle,org.eclipse.epp.usagedata.recording,1.3.1.R201106061540,"org.eclipse.epp.usagedata.recording",1780550561464
started,bundle,org.eclipse.equinox.app,1.3.100.v20110321,"org.eclipse.equinox.app",1780550561464
started,bundle,org.eclipse.equinox.common,3.6.0.v20110523,"org.eclipse.equinox.common",1780550561464
started,bundle,org.eclipse.equinox.ds,1.3.1.R37x_v20110701,"org.eclipse.equinox.ds",1780550561464
started,bundle,org.eclipse.equinox.event,1.2.100.v20110502,"org.eclipse.equinox.event",1780550561465
started,bundle,org.eclipse.equinox.p2.core,2.1.1.v20120113-1346,"org.eclipse.equinox.p2.core",1780550561465
started,bundle,org.eclipse.equinox.p2.directorywatcher,1.0.300.v20110815-1419,"org.eclipse.equinox.p2.directorywatcher",1780550561465
started,bundle,org.eclipse.equinox.p2.engine,2.1.1.R37x_v20111003,"org.eclipse.equinox.p2.engine",1780550561465
started,bundle,org.eclipse.equinox.p2.metadata,2.1.0.v20110815-1419,"org.eclipse.equinox.p2.metadata",1780550561466
started,bundle,org.eclipse.equinox.p2.metadata.repository,1.2.0.v20110815-1419,"org.eclipse.equinox.p2.metadata.repository",1780550561466
started,bundle,org.eclipse.equinox.p2.operations,2.1.1.R37x_v20111111,"org.eclipse.equinox.p2.operations",1780550561467
started,bundle,org.eclipse.equinox.p2.reconciler.dropins,1.1.100.v20110815-1419,"org.eclipse.equinox.p2.reconciler.dropins",1780550561467
started,bundle,org.eclipse.equinox.p2.repository,2.1.1.v20120113-1346,"org.eclipse.equinox.p2.repository",1780550561468
started,bundle,org.eclipse.equinox.p2.ui.sdk.scheduler,1.0.100.v20110815-1419,"org.eclipse.equinox.p2.ui.sdk.scheduler",1780550561468
started,bundle,org.eclipse.equinox.p2.updatechecker,1.1.200.v20110815-1419,"org.eclipse.equinox.p2.updatechecker",1780550561468
started,bundle,org.eclipse.equinox.preferences,3.4.2.v20120111-2020,"org.eclipse.equinox.preferences",1780550561468
started,bundle,org.eclipse.equinox.registry,3.5.101.R37x_v20110810-1611,"org.eclipse.equinox.registry",1780550561469
started,bundle,org.eclipse.equinox.security,1.1.1.R37x_v20110822-1018,"org.eclipse.equinox.security",1780550561579
started,bundle,org.eclipse.equinox.util,1.0.300.v20110502,"org.eclipse.equinox.util",1780550561580
started,bundle,org.eclipse.help,3.5.100.v20110426,"org.eclipse.help",1780550561580
started,bundle,org.eclipse.jface,3.7.0.v20110928-1505,"org.eclipse.jface",1780550561580
started,bundle,org.eclipse.jgit,1.3.0.201202151440-r,"org.eclipse.jgit",1780550561580
started,bundle,org.eclipse.jsch.core,1.1.300.I20110514-0800,"org.eclipse.jsch.core",1780550561581
started,bundle,org.eclipse.linuxtools.cdt.autotools.core,1.0.2.201202152032,"org.eclipse.linuxtools.cdt.autotools.core",1780550561581
started,bundle,org.eclipse.ltk.core.refactoring,3.5.201.r372_v20111101-0700,"org.eclipse.ltk.core.refactoring",1780550561581
started,bundle,org.eclipse.ltk.ui.refactoring,3.6.0.v20110928-1453,"org.eclipse.ltk.ui.refactoring",1780550561582
started,bundle,org.eclipse.mylyn.bugzilla.core,3.6.5.v20120123-0100,"org.eclipse.mylyn.bugzilla.core",1780550561582
started,bundle,org.eclipse.mylyn.bugzilla.ui,3.6.0.v20110608-1400,"org.eclipse.mylyn.bugzilla.ui",1780550561582
started,bundle,org.eclipse.mylyn.commons.identity,0.8.0.v20110608-1400,"org.eclipse.mylyn.commons.identity",1780550561582
started,bundle,org.eclipse.mylyn.commons.net,3.6.0.v20110608-1400,"org.eclipse.mylyn.commons.net",1780550561582
started,bundle,org.eclipse.mylyn.commons.ui,3.6.1.v20110720-0100,"org.eclipse.mylyn.commons.ui",1780550561583
started,bundle,org.eclipse.mylyn.context.core,3.6.1.v20110720-0100,"org.eclipse.mylyn.context.core",1780550561583
started,bundle,org.eclipse.mylyn.context.ui,3.6.1.v20120112-0100,"org.eclipse.mylyn.context.ui",1780550561583
started,bundle,org.eclipse.mylyn.monitor.ui,3.6.0.v20110608-1400,"org.eclipse.mylyn.monitor.ui",1780550561583
started,bundle,org.eclipse.mylyn.tasks.ui,3.6.5.v20120215-0100,"org.eclipse.mylyn.tasks.ui",1780550561584
started,bundle,org.eclipse.mylyn.team.ui,3.6.1.v20110825-0100,"org.eclipse.mylyn.team.ui",1780550561584
started,bundle,org.eclipse.search,3.7.0.v20110928-1504,"org.eclipse.search",1780550561584
started,bundle,org.eclipse.team.core,3.6.0.I20110525-0800,"org.eclipse.team.core",1780550561585
started,bundle,org.eclipse.team.cvs.core,3.3.400.I20110510-0800,"org.eclipse.team.cvs.core",1780550561585
started,bundle,org.eclipse.team.cvs.ui,3.3.401.v20120126-1227,"org.eclipse.team.cvs.ui",1780550561585
started,bundle,org.eclipse.team.ui,3.6.101.R37x_v20111109-0800,"org.eclipse.team.ui",1780550561586
started,bundle,org.eclipse.ui,3.7.0.v20110928-1505,"org.eclipse.ui",1780550561586
started,bundle,org.eclipse.ui.console,3.5.100.v20111007_r372,"org.eclipse.ui.console",1780550561586
started,bundle,org.eclipse.ui.editors,3.7.0.v20110928-1504,"org.eclipse.ui.editors",1780550561586
started,bundle,org.eclipse.ui.forms,3.5.101.v20111011-1919,"org.eclipse.ui.forms",1780550561586
started,bundle,org.eclipse.ui.ide,3.7.0.v20110928-1505,"org.eclipse.ui.ide",1780550561587
started,bundle,org.eclipse.ui.intro,3.4.100.v20110425,"org.eclipse.ui.intro",1780550561587
started,bundle,org.eclipse.ui.intro.universal,3.2.500.v20110510,"org.eclipse.ui.intro.universal",1780550561587
started,bundle,org.eclipse.ui.navigator,3.5.101.v20120106-1355,"org.eclipse.ui.navigator",1780550561587
started,bundle,org.eclipse.ui.navigator.resources,3.4.300.v20110928-1505,"org.eclipse.ui.navigator.resources",1780550561588
started,bundle,org.eclipse.ui.net,1.2.100.v20111208-1155,"org.eclipse.ui.net",1780550561588
started,bundle,org.eclipse.ui.views,3.6.0.v20110928-1505,"org.eclipse.ui.views",1780550561588
started,bundle,org.eclipse.ui.workbench,3.7.1.v20120104-1859,"org.eclipse.ui.workbench",1780550561588
started,bundle,org.eclipse.ui.workbench.texteditor,3.7.0.v20110928-1504,"org.eclipse.ui.workbench.texteditor",1780550561589
started,bundle,org.eclipse.update.configurator,3.3.100.v20100512,"org.eclipse.update.configurator",1780550561589
started,bundle,org.eclipse.update.core,3.2.500.v20110330,"org.eclipse.update.core",1780550561597
started,bundle,org.eclipse.update.scheduler,3.2.300.v20100512,"org.eclipse.update.scheduler",1780550561597
started,bundle,com.altera.sbtgui.integration,13.13.0.132,"com.altera.sbtgui.integration",1780550561598
started,bundle,com.altera.sbtgui.project,13.13.0.132,"com.altera.sbtgui.project",1780550561598
started,bundle,com.altera.systemconsole,13.13.0.132,"com.altera.systemconsole",1780550561598
started,bundle,com.altera.systemconsole.designs.plugin,13.13.0.132,"com.altera.systemconsole.designs.plugin",1780550561598
started,bundle,com.altera.utilities,13.13.0.132,"com.altera.utilities",1780550561598
os,sysinfo,,,"win32",1780550561599
arch,sysinfo,,,"x86",1780550561599
ws,sysinfo,,,"win32",1780550561599
locale,sysinfo,,,"vi_VN",1780550561599
processors,sysinfo,,,"12",1780550561599
java.runtime.name,sysinfo,,,"Java(TM) SE Runtime Environment",1780550561599
java.runtime.version,sysinfo,,,"1.6.0_23-b05",1780550561599
java.specification.name,sysinfo,,,"Java Platform API Specification",1780550561599
java.specification.vendor,sysinfo,,,"Sun Microsystems Inc.",1780550561599
java.specification.version,sysinfo,,,"1.6",1780550561599
java.vendor,sysinfo,,,"Sun Microsystems Inc.",1780550561599
java.version,sysinfo,,,"1.6.0_23",1780550561599
java.vm.info,sysinfo,,,"mixed mode",1780550561599
java.vm.name,sysinfo,,,"Java HotSpot(TM) Client VM",1780550561599
java.vm.specification.name,sysinfo,,,"Java Virtual Machine Specification",1780550561599
java.vm.specification.vendor,sysinfo,,,"Sun Microsystems Inc.",1780550561599
java.vm.specification.version,sysinfo,,,"1.0",1780550561599
java.vm.vendor,sysinfo,,,"Sun Microsystems Inc.",1780550561599
java.vm.version,sysinfo,,,"19.0-b09",1780550561599
started,bundle,com.altera.sbtgui.launch,13.13.0.132,"com.altera.sbtgui.launch",1780550562016
activated,view,org.eclipse.ui.navigator.resources,3.4.300.v20110928-1505,"org.eclipse.ui.navigator.ProjectExplorer",1780550562081
started,bundle,com.altera.sbtgui.core,13.13.0.132,"com.altera.sbtgui.core",1780550562905
started,bundle,org.eclipse.compare,3.5.202.R37x_v20111109-0800,"org.eclipse.compare",1780550562927
started,bundle,org.eclipse.debug.ui,3.7.102.v20111129-1423_r372,"org.eclipse.debug.ui",1780550564490
started,bundle,org.eclipse.cdt.debug.core,7.1.0.201202111925,"org.eclipse.cdt.debug.core",1780550564521
started,bundle,org.eclipse.cdt.debug.ui,7.1.2.201202111925,"org.eclipse.cdt.debug.ui",1780550564522
deactivated,workbench,org.eclipse.ui.workbench,3.7.1.v20120104-1859,"",1780550566166
opened,view,org.eclipse.ui.console,3.5.100.v20111007_r372,"org.eclipse.ui.console.ConsoleView",1780550566241
activated,workbench,org.eclipse.ui.workbench,3.7.1.v20120104-1859,"",1780550567434
executed,command,,,"com.altera.sbtgui.launch.hardware.Nios2HardwareLaunchShortcut.run",1780550567810
started,bundle,org.eclipse.cdt.launch,7.0.0.201202111925,"org.eclipse.cdt.launch",1780550567824
opened,view,com.altera.sbtgui.launch,13.13.0.132,"com.altera.sbtgui.launch.hardware.ByteStreamConsoleView",1780550569241
started,bundle,org.eclipse.cdt.debug.mi.ui,6.1.1.201202111925,"org.eclipse.cdt.debug.mi.ui",1780550569426
started,bundle,org.eclipse.cdt.dsf,2.2.0.201202111925,"org.eclipse.cdt.dsf",1780550569430
started,bundle,org.eclipse.cdt.dsf.gdb,4.0.2.201202111925,"org.eclipse.cdt.dsf.gdb",1780550569430
started,bundle,org.eclipse.cdt.dsf.gdb.ui,2.2.1.201202111925,"org.eclipse.cdt.dsf.gdb.ui",1780550569431
started,bundle,org.eclipse.cdt.debug.mi.core,7.1.1.201202111925,"org.eclipse.cdt.debug.mi.core",1780550569450
error,log,,,"Failed Executing: [nios2-download, '--cable=USB-Blaster on localhost [USB-0]', --device=1, --instance=0, --stop, --accept-bad-sysid, --sidp=Not Found] return code: 8",1780550571259
activated,view,com.altera.sbtgui.launch,13.13.0.132,"com.altera.sbtgui.launch.hardware.ByteStreamConsoleView",1780550586996
executed,command,org.eclipse.ui,3.7.0.v20110928-1505,"org.eclipse.ui.edit.copy",1780550589166
deactivated,workbench,org.eclipse.ui.workbench,3.7.1.v20120104-1859,"",1780550589466
activated,workbench,org.eclipse.ui.workbench,3.7.1.v20120104-1859,"",1780550653950
activated,editor,org.eclipse.cdt.ui,5.3.2.201202111925,"org.eclipse.cdt.ui.editor.CEditor",1780550654452
executed,command,org.eclipse.ui,3.7.0.v20110928-1505,"org.eclipse.ui.edit.selectAll",1780550654723
executed,command,org.eclipse.ui,3.7.0.v20110928-1505,"org.eclipse.ui.edit.copy",1780550654977
executed,command,org.eclipse.ui,3.7.0.v20110928-1505,"org.eclipse.ui.edit.copy",1780550655449
deactivated,workbench,org.eclipse.ui.workbench,3.7.1.v20120104-1859,"",1780550655752
activated,workbench,org.eclipse.ui.workbench,3.7.1.v20120104-1859,"",1780550688182
executed,command,org.eclipse.ui,3.7.0.v20110928-1505,"org.eclipse.ui.edit.selectAll",1780550689064
executed,command,org.eclipse.ui,3.7.0.v20110928-1505,"org.eclipse.ui.edit.paste",1780550689464
executed,command,org.eclipse.ui,3.7.0.v20110928-1505,"org.eclipse.ui.file.save",1780550692879
activated,view,org.eclipse.ui.navigator.resources,3.4.300.v20110928-1505,"org.eclipse.ui.navigator.ProjectExplorer",1780550693936
deactivated,workbench,org.eclipse.ui.workbench,3.7.1.v20120104-1859,"",1780550695324
activated,workbench,org.eclipse.ui.workbench,3.7.1.v20120104-1859,"",1780550696709
